method,task,geom_improvement,da_improvement,disconnect,disconnect_score,biology_cost,raw_domain_r2_pc1,method_domain_r2_pc1,raw_fc_intersection,method_fc_intersection,ceiling_cptac_fc
bridge_shift,breast_subtype,0.659334144638763,5.98526381738251e-15,0.659334144638757,0.659334144638757,0,0.999322407390098,0.340435022695198,0.433334203250418,0.43333420325042,0.76722114713441
bridge_scale,breast_subtype,0.561165894741248,-0.0921604736243186,0.653326368365567,0.653326368365567,0,0.999322407390098,0.438536754512056,0.433334203250418,0.402563024365093,0.76722114713441
celligner,breast_subtype,0.993909273955781,0.831741514210818,0.162167759744963,0.162167759744963,0.719424460431655,0.999322407390098,0.00608659901326297,0.433334203250418,0.711041835531712,0.76722114713441
bridge_shift,breast_vs_lung,0.988009005799828,0,0.988009005799828,0.988009005799828,0,0.975200858890891,0.0116936278429639,-0.0266356695770174,-0.0266356695770174,0.967541508024112
bridge_scale,breast_vs_lung,0.996287154355477,-0.00234285073867919,0.998630005094156,0.998630005094156,0,0.975200858890891,0.00362077026146833,-0.0266356695770174,-0.0289648783119382,0.967541508024112
celligner,breast_vs_lung,0.996528864110134,-0.379979887252698,1.37650875136283,1.37650875136283,0.418771566597654,0.975200858890891,0.00338505470112449,-0.0266356695770174,-0.4044030014311,0.967541508024112
